raceId,constructorId,number,positionText,wet,,
969,6,5,1,no,,
969,131,44,2,no,,
969,131,77,3,no,,
969,6,7,4,no,,
969,9,33,5,no,,
969,3,19,6,no,,
969,10,11,7,no,,
969,5,55,8,no,,
969,5,26,9,no,,
969,10,31,10,no,,
969,4,27,11,no,,
969,15,36,12,no,,
969,1,2,13,no,,
969,1,14,R,no,,
969,210,20,R,no,,
969,3,18,R,no,,
969,9,3,R,no,,
969,15,9,R,no,,
969,4,30,R,no,,
969,210,8,R,no,,
970,131,44,1,yes,,
970,6,5,2,yes,,
970,9,33,3,yes,,
970,9,3,4,yes,,
970,6,7,5,yes,,
970,131,77,6,yes,,
970,5,55,7,yes,,
970,210,20,8,yes,,
970,10,11,9,yes,,
970,10,31,10,yes,,
970,210,8,11,yes,,
970,4,27,12,yes,,
970,4,30,13,yes,,
970,3,19,14,yes,,
970,15,9,15,yes,,
970,1,14,R,yes,,
970,5,26,R,yes,,
970,1,2,R,yes,,
970,15,36,R,yes,,
970,3,18,R,yes,,
971,6,5,1,no,,
971,131,44,2,no,,
971,131,77,3,no,,
971,6,7,4,no,,
971,9,3,5,no,,
971,3,19,6,no,,
971,10,11,7,no,,
971,210,8,8,no,,
971,4,27,9,no,,
971,10,31,10,no,,
971,15,94,11,no,,
971,5,26,12,no,,
971,4,30,13,no,,
971,1,14,14,no,,
971,15,9,R,no,,
971,5,55,R,no,,
971,3,18,R,no,,
971,9,33,R,no,,
971,210,20,R,no,,
971,1,2,R,no,,
972,131,77,1,no,,
972,6,5,2,no,,
972,6,7,3,no,,
972,131,44,4,no,,
972,9,33,5,no,,
972,10,11,6,no,,
972,10,31,7,no,,
972,4,27,8,no,,
972,3,19,9,no,,
972,5,55,10,no,,
972,3,18,11,no,,
972,5,26,12,no,,
972,210,20,13,no,,
972,1,2,14,no,,
972,15,9,15,no,,
972,15,94,16,no,,
972,9,3,R,no,,
972,4,30,R,no,,
972,210,8,R,no,,
972,1,14,W,no,,
973,131,44,1,no,,
973,6,5,2,no,,
973,9,3,3,no,,
973,10,11,4,no,,
973,10,31,5,no,,
973,4,27,6,no,,
973,5,55,7,no,,
973,15,94,8,no,,
973,5,26,9,no,,
973,210,8,10,no,,
973,15,9,11,no,,
973,1,14,12,no,,
973,3,19,13,no,,
973,210,20,14,no,,
973,4,30,15,no,,
973,3,18,16,no,,
973,131,77,R,no,,
973,1,2,R,no,,
973,9,33,R,no,,
973,6,7,R,no,,
974,6,5,1,no,,
974,6,7,2,no,,
974,9,3,3,no,,
974,131,77,4,no,,
974,9,33,5,no,,
974,5,55,6,no,,
974,131,44,7,no,,
974,210,8,8,no,,
974,3,19,9,no,,
974,210,20,10,no,,
974,4,30,11,no,,
974,10,31,12,no,,
974,10,11,13,no,,
974,5,26,14,no,,
974,3,18,15,no,,
974,1,2,R,no,,
974,15,9,R,no,,
974,1,22,R,no,,
974,15,94,R,no,,
974,4,27,R,no,,
975,131,44,1,no,,
975,131,77,2,no,,
975,9,3,3,no,,
975,6,5,4,no,,
975,10,11,5,no,,
975,10,31,6,no,,
975,6,7,7,no,,
975,4,27,8,no,,
975,3,18,9,no,,
975,210,8,10,no,,
975,4,30,11,no,,
975,210,20,12,no,,
975,15,9,13,no,,
975,1,2,14,no,,
975,15,94,15,no,,
975,1,14,16,no,,
975,5,26,R,no,,
975,9,33,R,no,,
975,3,19,R,no,,
975,5,55,R,no,,
976,9,3,1,no,,
976,131,77,2,no,,
976,3,18,3,no,,
976,6,5,4,no,,
976,131,44,5,no,,
976,10,31,6,no,,
976,210,20,7,no,,
976,5,55,8,no,,
976,1,14,9,no,,
976,15,94,10,no,,
976,15,9,11,no,,
976,1,2,12,no,,
976,210,8,13,no,,
976,6,7,14,no,,
976,10,11,R,no,,
976,3,19,R,no,,
976,4,27,R,no,,
976,9,33,R,no,,
976,5,26,R,no,,
976,4,30,R,no,,
841,164,23,F,no,,
841,164,22,F,no,,
846,15,17,W,no,,
977,131,77,1,no,,
977,6,5,2,no,,
977,9,3,3,no,,
977,131,44,4,no,,
977,6,7,5,no,,
977,210,8,6,no,,
977,10,11,7,no,,
977,10,31,8,no,,
977,3,19,9,no,,
977,3,18,10,no,,
977,4,30,11,no,,
977,1,2,12,no,,
977,4,27,13,no,,
977,15,94,14,no,,
977,15,9,15,no,,
977,5,26,16,no,,
977,5,55,R,no,,
977,210,20,R,no,,
977,1,14,R,no,,
977,9,33,R,no,,
978,131,44,1,no,,
978,131,77,2,no,,
978,6,7,3,no,,
978,9,33,4,no,,
978,9,3,5,no,,
978,4,27,6,no,,
978,6,5,7,no,,
978,10,31,8,no,,
978,10,11,9,no,,
978,3,19,10,no,,
978,1,2,11,no,,
978,210,20,12,no,,
978,210,8,13,no,,
978,15,9,14,no,,
978,5,26,15,no,,
978,3,18,16,no,,
978,15,94,17,no,,
978,1,14,R,no,,
978,5,55,R,no,,
978,4,30,R,no,,
979,6,5,1,no,,
979,6,7,2,no,,
979,131,77,3,no,,
979,131,44,4,no,,
979,9,33,5,no,,
979,1,14,6,no,,
979,5,55,7,no,,
979,10,11,8,no,,
979,10,31,9,no,,
979,1,2,10,no,,
979,5,26,11,no,,
979,4,30,12,no,,
979,210,20,13,no,,
979,3,18,14,no,,
979,15,94,15,no,,
979,15,9,16,no,,
979,4,27,17,no,,
979,3,40,R,no,,
979,210,8,R,no,,
979,9,3,R,no,,
980,131,44,1,no,,
980,6,5,2,no,,
980,9,3,3,no,,
980,6,7,4,no,,
980,131,77,5,no,,
980,4,27,6,no,,
980,210,8,7,no,,
980,3,19,8,no,,
980,10,31,9,no,,
980,5,55,10,no,,
980,3,18,11,no,,
980,5,26,12,no,,
980,4,30,13,no,,
980,1,2,14,no,,
980,210,20,15,no,,
980,15,9,16,no,,
980,10,11,17,no,,
980,1,14,R,no,,
980,9,33,R,no,,
980,15,94,R,no,,
981,131,44,1,no,,
981,131,77,2,no,,
981,6,5,3,no,,
981,9,3,4,no,,
981,6,7,5,no,,
981,10,31,6,no,,
981,3,18,7,no,,
981,3,19,8,no,,
981,10,11,9,no,,
981,9,33,10,no,,
981,210,20,11,no,,
981,5,26,12,no,,
981,4,27,13,no,,
981,5,55,14,no,,
981,210,8,15,no,,
981,15,94,16,no,,
981,1,14,17,no,,
981,15,9,18,no,,
981,1,2,R,no,,
981,4,30,R,no,,
982,131,44,1,no,,
982,9,3,2,no,,
982,131,77,3,no,,
982,5,55,4,no,,
982,10,11,5,no,,
982,4,30,6,no,,
982,1,2,7,no,,
982,3,18,8,no,,
982,210,8,9,no,,
982,10,31,10,no,,
982,3,19,11,no,,
982,15,94,12,no,,
982,210,20,R,no,,
982,4,27,R,no,,
982,15,9,R,no,,
982,5,26,R,no,,
982,1,14,R,no,,
982,6,5,R,no,,
982,9,33,R,no,,
982,6,7,R,no,,
983,9,33,1,no,,
983,131,44,2,no,,
983,9,3,3,no,,
983,6,5,4,no,,
983,131,77,5,no,,
983,10,11,6,no,,
983,1,2,7,no,,
983,3,18,8,no,,
983,3,19,9,no,,
983,10,31,10,no,,
983,1,14,11,no,,
983,210,20,12,no,,
983,210,8,13,no,,
983,5,10,14,no,,
983,4,30,15,no,,
983,4,27,16,no,,
983,15,94,17,no,,
983,15,9,18,no,,
983,5,55,R,no,,
983,6,7,R,no,,
984,131,44,1,no,,
984,9,33,2,no,,
984,9,3,3,no,,
984,131,77,4,no,,
984,6,7,5,no,,
984,10,31,6,no,,
984,10,11,7,no,,
984,210,20,8,no,,
984,210,8,9,no,,
984,3,19,10,no,,
984,1,14,11,no,,
984,4,30,12,no,,
984,5,10,13,no,,
984,1,2,14,no,,
984,15,94,15,no,,
984,3,18,R,no,,
984,4,27,R,no,,
984,15,9,R,no,,
984,6,5,R,no,,
984,5,55,R,no,,
985,131,44,1,no,,
985,6,5,2,no,,
985,6,7,3,no,,
985,9,33,4,no,,
985,131,77,5,no,,
985,10,31,6,no,,
985,4,55,7,no,,
985,10,11,8,no,,
985,3,19,9,no,,
985,5,26,10,no,,
985,3,18,11,no,,
985,1,2,12,no,,
985,5,39,13,no,,
985,210,8,14,no,,
985,15,9,15,no,,
985,210,20,16,no,,
985,1,14,R,no,,
985,9,3,R,no,,
985,15,94,R,no,,
985,4,27,R,no,,
986,9,33,1,no,,
986,131,77,2,no,,
986,6,7,3,no,,
986,6,5,4,no,,
986,10,31,5,no,,
986,3,18,6,no,,
986,10,11,7,no,,
986,210,20,8,no,,
986,131,44,9,no,,
986,1,14,10,no,,
986,3,19,11,no,,
986,1,2,12,no,,
986,5,10,13,no,,
986,15,94,14,no,,
986,210,8,15,no,,
986,4,55,R,no,,
986,15,9,R,no,,
986,5,28,R,no,,
986,4,27,R,no,,
986,9,3,R,no,,
987,6,5,1,no,,
987,131,77,2,no,,
987,6,7,3,no,,
987,131,44,4,no,,
987,9,33,5,no,,
987,9,3,6,no,,
987,3,19,7,no,,
987,1,14,8,no,,
987,10,11,9,no,,
987,4,27,10,no,,
987,4,55,11,no,,
987,5,10,12,no,,
987,15,9,13,no,,
987,15,94,14,no,,
987,210,8,15,no,,
987,3,18,16,no,,
987,5,28,R,no,,
987,10,31,R,no,,
987,1,2,R,no,,
987,210,20,R,no,,
988,131,77,1,no,,
988,131,44,2,no,,
988,6,5,3,no,,
988,6,7,4,no,,
988,9,33,5,no,,
988,4,27,6,no,,
988,10,11,7,no,,
988,10,31,8,no,,
988,1,14,9,no,,
988,3,19,10,no,,
988,210,8,11,no,,
988,1,2,12,no,,
988,210,20,13,no,,
988,15,94,14,no,,
988,5,28,15,no,,
988,5,10,16,no,,
988,15,9,17,no,,
988,3,18,18,no,,
988,4,55,R,no,,
988,9,3,R,no,,
989,6,5,1,no,,
989,131,44,2,no,,
989,6,7,3,no,,
989,9,3,4,no,,
989,1,14,5,no,,
989,9,33,6,no,,
989,4,27,7,no,,
989,131,77,8,no,,
989,1,2,9,no,,
989,4,55,10,no,,
989,10,11,11,no,,
989,10,31,12,no,,
989,15,16,13,no,,
989,3,18,14,no,,
989,5,28,15,no,,
989,210,8,R,no,,
989,210,20,R,no,,
989,5,10,R,no,,
989,15,9,R,no,,
989,3,35,R,no,,
990,6,5,1,no,,
990,131,77,2,no,,
990,131,44,3,no,,
990,5,10,4,no,,
990,210,20,5,no,,
990,4,27,6,no,,
990,1,14,7,no,,
990,1,2,8,no,,
990,15,9,9,no,,
990,10,31,10,no,,
990,4,55,11,no,,
990,15,16,12,no,,
990,210,8,13,no,,
990,3,18,14,no,,
990,3,35,15,no,,
990,10,11,16,no,,
990,5,28,17,no,,
990,6,7,R,no,,
990,9,33,R,no,,
990,9,3,R,no,,
991,9,3,1,no,,
991,131,77,2,no,,
991,6,7,3,no,,
991,131,44,4,no,,
991,9,33,5,no,,
991,4,27,6,no,,
991,1,14,7,no,,
991,6,5,8,no,,
991,4,55,9,no,,
991,210,20,10,no,,
991,10,31,11,no,,
991,10,11,12,no,,
991,1,2,13,no,,
991,3,18,14,no,,
991,3,35,15,no,,
991,15,9,16,no,,
991,210,8,17,no,,
991,5,10,18,no,,
991,15,16,19,no,,
991,5,28,20,no,,
992,131,44,1,no,,
992,6,7,2,no,,
992,10,11,3,no,,
992,6,5,4,no,,
992,4,55,5,no,,
992,15,16,6,no,,
992,1,14,7,no,,
992,3,18,8,no,,
992,1,2,9,no,,
992,5,28,10,no,,
992,15,9,11,no,,
992,5,10,12,no,,
992,210,20,13,no,,
992,131,77,R,no,,
992,210,8,R,no,,
992,9,33,R,no,,
992,9,3,R,no,,
992,4,27,R,no,,
992,10,31,R,no,,
992,3,35,R,no,,
993,131,44,1,no,,
993,131,77,2,no,,
993,9,33,3,no,,
993,6,5,4,no,,
993,9,3,5,no,,
993,210,20,6,no,,
993,4,55,7,no,,
993,1,14,8,no,,
993,10,11,9,no,,
993,15,16,10,no,,
993,3,18,11,no,,
993,5,28,12,no,,
993,15,9,13,no,,
993,3,35,14,no,,
993,1,2,R,no,,
993,10,31,R,no,,
993,6,7,R,no,,
993,210,8,R,no,,
993,5,10,R,no,,
993,4,27,R,no,,
994,9,3,1,no,,
994,6,5,2,no,,
994,131,44,3,no,,
994,6,7,4,no,,
994,131,77,5,no,,
994,10,31,6,no,,
994,5,10,7,no,,
994,4,27,8,no,,
994,9,33,9,no,,
994,4,55,10,no,,
994,15,9,11,no,,
994,10,11,12,no,,
994,210,20,13,no,,
994,1,2,14,no,,
994,210,8,15,no,,
994,3,35,16,no,,
994,3,18,17,no,,
994,15,16,R,no,,
994,5,28,R,no,,
994,1,14,R,no,,
995,6,5,1,no,,
995,131,77,2,no,,
995,9,33,3,no,,
995,9,3,4,no,,
995,131,44,5,no,,
995,6,7,6,no,,
995,4,27,7,no,,
995,4,55,8,no,,
995,10,31,9,no,,
995,15,16,10,no,,
995,5,10,11,no,,
995,210,8,12,no,,
995,210,20,13,no,,
995,10,11,14,no,,
995,15,9,15,no,,
995,1,2,16,no,,
995,3,35,17,no,,
995,1,14,R,no,,
995,5,28,R,no,,
995,3,18,R,no,,
996,131,44,1,no,,
996,9,33,2,no,,
996,6,7,3,no,,
996,9,3,4,no,,
996,6,5,5,no,,
996,210,20,6,no,,
996,131,77,7,no,,
996,4,55,8,no,,
996,4,27,9,no,,
996,15,16,10,no,,
996,210,8,11,no,,
996,1,2,12,no,,
996,15,9,13,no,,
996,5,28,14,no,,
996,3,35,15,no,,
996,1,14,16,no,,
996,3,18,17,no,,
996,10,11,R,no,,
996,10,31,R,no,,
996,5,10,R,no,,
997,9,33,1,no,,
997,6,7,2,no,,
997,6,5,3,no,,
997,210,8,4,no,,
997,210,20,5,no,,
997,10,31,6,no,,
997,10,11,7,no,,
997,1,14,8,no,,
997,15,16,9,no,,
997,15,9,10,no,,
997,5,10,11,no,,
997,4,55,12,no,,
997,3,35,13,no,,
997,3,18,14,no,,
997,1,2,15,no,,
997,131,44,R,no,,
997,5,28,R,no,,
997,9,3,R,no,,
997,131,77,R,no,,
997,4,27,R,no,,
998,6,5,1,no,,
998,131,44,2,no,,
998,6,7,3,no,,
998,131,77,4,no,,
998,9,3,5,no,,
998,4,27,6,no,,
998,10,31,7,no,,
998,1,14,8,no,,
998,210,20,9,no,,
998,10,11,10,no,,
998,1,2,11,no,,
998,3,18,12,no,,
998,5,10,13,no,,
998,3,35,14,no,,
998,5,28,R,no,,
998,9,33,R,no,,
998,210,8,R,no,,
998,4,55,R,no,,
998,15,9,R,no,,
998,15,16,R,no,,
999,131,44,1,yes,,
999,131,77,2,yes,,
999,6,7,3,yes,,
999,9,33,4,yes,,
999,4,27,5,yes,,
999,210,8,6,yes,,
999,10,11,7,yes,,
999,10,31,8,yes,,
999,15,9,9,yes,,
999,5,28,10,yes,,
999,210,20,11,yes,,
999,4,55,12,yes,,
999,1,2,13,yes,,
999,5,10,14,yes,,
999,15,16,15,yes,,
999,1,14,16,yes,,
999,3,18,R,yes,,
999,6,5,R,yes,,
999,3,35,R,yes,,
999,9,3,R,yes,,
1000,131,44,1,no,,
1000,6,5,2,no,,
1000,6,7,3,no,,
1000,9,3,4,no,,
1000,131,77,5,no,,
1000,5,10,6,no,,
1000,210,20,7,no,,
1000,1,14,8,no,,
1000,4,55,9,no,,
1000,210,8,10,no,,
1000,5,28,11,no,,
1000,4,27,12,no,,
1000,10,31,13,no,,
1000,10,11,14,no,,
1000,15,9,15,no,,
1000,3,35,16,no,,
1000,3,18,17,no,,
1000,1,2,R,no,,
1000,9,33,R,no,,
1000,15,16,R,no,,
1001,6,5,1,no,,
1001,131,44,2,no,,
1001,9,33,3,no,,
1001,131,77,4,no,,
1001,10,11,5,no,,
1001,10,31,6,no,,
1001,210,8,7,no,,
1001,210,20,8,no,,
1001,5,10,9,no,,
1001,15,9,10,no,,
1001,4,55,11,no,,
1001,3,35,12,no,,
1001,3,18,13,no,,
1001,5,28,14,no,,
1001,1,2,15,no,,
1001,9,3,R,no,,
1001,6,7,R,no,,
1001,15,16,R,no,,
1001,1,14,R,no,,
1001,4,27,R,no,,
1002,131,44,1,no,,
1002,6,7,2,no,,
1002,131,77,3,no,,
1002,6,5,4,no,,
1002,9,33,5,no,,
1002,10,31,6,no,,
1002,10,11,7,no,,
1002,4,55,8,no,,
1002,3,18,9,no,,
1002,3,35,10,no,,
1002,15,16,11,no,,
1002,1,2,12,no,,
1002,4,27,13,no,,
1002,5,10,14,no,,
1002,15,9,15,no,,
1002,210,20,16,no,,
1002,9,3,R,no,,
1002,1,14,R,no,,
1002,5,28,R,no,,
1002,210,8,D,no,,
1003,131,44,1,no,,
1003,9,33,2,no,,
1003,6,5,3,no,,
1003,131,77,4,no,,
1003,6,7,5,no,,
1003,9,3,6,no,,
1003,1,14,7,no,,
1003,4,55,8,no,,
1003,15,16,9,no,,
1003,4,27,10,no,,
1003,15,9,11,no,,
1003,1,2,12,no,,
1003,5,10,13,no,,
1003,3,18,14,no,,
1003,210,8,15,no,,
1003,10,11,16,no,,
1003,5,28,17,no,,
1003,210,20,18,no,,
1003,3,35,19,no,,
1003,10,31,R,no,,
1004,131,44,1,no,,
1004,131,77,2,no,,
1004,6,5,3,no,,
1004,6,7,4,no,,
1004,9,33,5,no,,
1004,9,3,6,no,,
1004,15,16,7,no,,
1004,210,20,8,no,,
1004,10,31,9,no,,
1004,10,11,10,no,,
1004,210,8,11,no,,
1004,4,27,12,no,,
1004,15,9,13,no,,
1004,1,14,14,no,,
1004,3,18,15,no,,
1004,1,2,16,no,,
1004,4,55,17,no,,
1004,3,35,18,no,,
1004,5,10,R,no,,
1004,5,28,R,no,,
1005,131,44,1,no,,
1005,131,77,2,no,,
1005,9,33,3,no,,
1005,9,3,4,no,,
1005,6,7,5,no,,
1005,6,5,6,no,,
1005,10,11,7,no,,
1005,210,8,8,no,,
1005,10,31,9,no,,
1005,4,55,10,no,,
1005,5,10,11,no,,
1005,15,9,12,no,,
1005,5,28,13,no,,
1005,1,14,14,no,,
1005,1,2,15,no,,
1005,3,35,16,no,,
1005,3,18,17,no,,
1005,15,16,R,no,,
1005,4,27,R,no,,
1005,210,20,R,no,,
1006,6,7,1,no,,
1006,9,33,2,no,,
1006,131,44,3,no,,
1006,6,5,4,no,,
1006,131,77,5,no,,
1006,4,27,6,no,,
1006,4,55,7,no,,
1006,10,11,8,no,,
1006,5,28,9,no,,
1006,15,9,10,no,,
1006,1,2,11,no,,
1006,5,10,12,no,,
1006,3,35,13,no,,
1006,3,18,14,no,,
1006,15,16,R,no,,
1006,9,3,R,no,,
1006,210,8,R,no,,
1006,1,14,R,no,,
1006,10,31,D,no,,
1006,210,20,D,no,,
1007,9,33,1,no,,
1007,6,5,2,no,,
1007,6,7,3,no,,
1007,131,44,4,no,,
1007,131,77,5,no,,
1007,4,27,6,no,,
1007,15,16,7,no,,
1007,1,2,8,no,,
1007,15,9,9,no,,
1007,5,10,10,no,,
1007,10,31,11,no,,
1007,3,18,12,no,,
1007,3,35,13,no,,
1007,5,28,14,no,,
1007,210,20,15,no,,
1007,210,8,16,no,,
1007,9,3,R,no,,
1007,10,11,R,no,,
1007,4,55,R,no,,
1007,1,14,R,no,,
1008,131,44,1,no,,
1008,9,33,2,no,,
1008,6,7,3,no,,
1008,9,3,4,no,,
1008,131,77,5,no,,
1008,6,5,6,no,,
1008,15,16,7,no,,
1008,210,8,8,no,,
1008,210,20,9,no,,
1008,10,11,10,no,,
1008,5,28,11,no,,
1008,4,55,12,no,,
1008,5,10,13,no,,
1008,1,2,14,no,,
1008,10,31,15,no,,
1008,3,35,16,no,,
1008,1,14,17,no,,
1008,3,18,18,no,,
1008,4,27,R,no,,
1008,15,9,R,no,,
1009,131,44,1,no,,
1009,6,5,2,no,,
1009,9,33,3,no,,
1009,9,3,4,no,,
1009,131,77,5,no,,
1009,4,55,6,no,,
1009,15,16,7,no,,
1009,10,11,8,no,,
1009,210,8,9,no,,
1009,210,20,10,no,,
1009,1,14,11,no,,
1009,5,28,12,no,,
1009,3,18,13,no,,
1009,1,2,14,no,,
1009,3,35,15,no,,
1009,5,10,R,no,,
1009,10,31,R,no,,
1009,15,9,R,no,,
1009,6,7,R,no,,
1009,4,27,R,no,,
1010,131,77,1,no,,
1010,131,44,2,no,,
1010,9,33,3,no,,
1010,6,5,4,no,,
1010,6,16,5,no,,
1010,210,20,6,no,,
1010,4,27,7,no,,
1010,51,7,8,no,,
1010,211,18,9,no,,
1010,5,26,10,no,,
1010,9,10,11,no,,
1010,1,4,12,no,,
1010,211,11,13,no,,
1010,5,23,14,no,,
1010,51,99,15,no,,
1010,3,63,16,no,,
1010,3,88,17,no,,
1010,210,8,R,no,,
1010,4,3,R,no,,
1010,1,55,R,no,,
1011,131,44,1,no,,
1011,131,77,2,no,,
1011,6,16,3,no,,
1011,9,33,4,no,,
1011,6,5,5,no,,
1011,1,4,6,no,,
1011,51,7,7,no,,
1011,9,10,8,no,,
1011,5,23,9,no,,
1011,211,11,10,no,,
1011,51,99,11,no,,
1011,5,26,12,no,,
1011,210,20,13,no,,
1011,211,18,14,no,,
1011,3,63,15,no,,
1011,3,88,16,no,,
1011,4,27,R,no,,
1011,4,3,R,no,,
1011,1,55,R,no,,
1011,210,8,R,no,,
1012,131,44,1,no,,
1012,131,77,2,no,,
1012,6,5,3,no,,
1012,9,33,4,no,,
1012,6,16,5,no,,
1012,9,10,6,no,,
1012,4,3,7,no,,
1012,211,11,8,no,,
1012,51,7,9,no,,
1012,5,23,10,no,,
1012,210,8,11,no,,
1012,211,18,12,no,,
1012,210,20,13,no,,
1012,1,55,14,no,,
1012,51,99,15,no,,
1012,3,63,16,no,,
1012,3,88,17,no,,
1012,1,4,18,no,,
1012,5,26,R,no,,
1012,4,27,R,no,,
1013,131,77,1,no,,
1013,131,44,2,no,,
1013,6,5,3,no,,
1013,9,33,4,no,,
1013,6,16,5,no,,
1013,211,11,6,no,,
1013,1,55,7,no,,
1013,1,4,8,no,,
1013,211,18,9,no,,
1013,51,7,10,no,,
1013,5,23,11,no,,
1013,51,99,12,no,,
1013,210,20,13,no,,
1013,4,27,14,no,,
1013,3,63,15,no,,
1013,3,88,16,no,,
1013,9,10,R,no,,
1013,210,8,R,no,,
1013,5,26,R,no,,
1013,4,3,R,no,,
1014,131,44,1,no,,
1014,131,77,2,no,,
1014,9,33,3,no,,
1014,6,5,4,no,,
1014,6,16,5,no,,
1014,9,10,6,no,,
1014,210,20,7,no,,
1014,1,55,8,no,,
1014,5,26,9,no,,
1014,210,8,10,no,,
1014,5,23,11,no,,
1014,4,3,12,no,,
1014,4,27,13,no,,
1014,51,7,14,no,,
1014,211,11,15,no,,
1014,51,99,16,no,,
1014,3,63,17,no,,
1014,3,88,18,no,,
1014,211,18,R,no,,
1014,1,4,R,no,,
745,172,21,11,no,,
717,172,2,R,no,,
633,199,17,R,no,,
1015,131,44,1,no,,
1015,6,5,2,no,,
1015,131,77,3,no,,
1015,9,33,4,no,,
1015,9,10,5,no,,
1015,1,55,6,no,,
1015,5,26,7,no,,
1015,5,23,8,no,,
1015,4,3,9,no,,
1015,210,8,10,no,,
1015,1,4,11,no,,
1015,210,20,14,no,,
1015,211,11,12,no,,
1015,4,27,13,no,,
1015,3,63,15,no,,
1015,211,18,16,no,,
1015,51,7,17,no,,
1015,3,88,18,no,,
1015,51,99,19,no,,
1015,6,16,R,no,,
1016,131,44,1,no,,
1016,6,5,2,no,,
1016,6,16,3,no,,
1016,131,77,4,no,,
1016,9,33,5,no,,
1016,4,3,6,no,,
1016,4,27,7,no,,
1016,9,10,8,no,,
1016,211,18,9,no,,
1016,5,26,10,no,,
1016,1,55,11,no,,
1016,211,11,12,no,,
1016,51,99,13,no,,
1016,210,8,14,no,,
1016,51,7,15,no,,
1016,3,63,16,no,,
1016,210,20,17,no,,
1016,3,88,18,no,,
1016,5,23,R,no,,
1016,1,4,R,no,,
1017,131,44,1,no,,
1017,131,77,2,no,,
1017,6,16,3,no,,
1017,9,33,4,no,,
1017,6,5,5,no,,
1017,1,55,6,no,,
1017,51,7,7,no,,
1017,4,27,8,no,,
1017,1,4,9,no,,
1017,9,10,10,no,,
1017,4,3,11,no,,
1017,211,11,12,no,,
1017,211,18,13,no,,
1017,5,26,14,no,,
1017,5,23,15,no,,
1017,51,99,16,no,,
1017,210,20,17,no,,
1017,3,88,18,no,,
1017,3,63,19,no,,
1017,210,8,20,no,,
1018,9,33,1,no,,
1018,6,16,2,no,,
1018,131,77,3,no,,
1018,6,5,4,no,,
1018,131,44,5,no,,
1018,1,4,6,no,,
1018,9,10,7,no,,
1018,1,55,8,no,,
1018,51,7,9,no,,
1018,51,99,10,no,,
1018,211,11,11,no,,
1018,4,3,12,no,,
1018,4,27,13,no,,
1018,211,18,14,no,,
1018,5,23,15,no,,
1018,210,8,16,no,,
1018,5,26,17,no,,
1018,3,63,18,no,,
1018,210,20,19,no,,
1018,3,88,20,no,,
1019,131,44,1,no,,
1019,131,77,2,no,,
1019,6,16,3,no,,
1019,9,10,4,no,,
1019,9,33,5,no,,
1019,1,55,6,no,,
1019,4,3,7,no,,
1019,51,7,8,no,,
1019,5,26,9,no,,
1019,4,27,10,no,,
1019,1,4,11,no,,
1019,5,23,12,no,,
1019,211,18,13,no,,
1019,3,63,14,no,,
1019,3,88,15,no,,
1019,6,5,16,no,,
1019,211,11,17,no,,
1019,51,99,R,no,,
1019,210,8,R,no,,
1019,210,20,R,no,,
1020,9,33,1,yes,,
1020,6,5,2,yes,,
1020,5,26,3,yes,,
1020,211,18,4,yes,,
1020,1,55,5,yes,,
1020,5,23,6,yes,,
1020,210,8,7,yes,,
1020,210,20,8,yes,,
1020,131,44,9,yes,,
1020,3,88,10,yes,,
1020,3,63,11,yes,,
1020,51,7,12,yes,,
1020,51,99,13,yes,,
1020,9,10,14,yes,,
1020,131,77,R,yes,,
1020,4,27,R,yes,,
1020,6,16,R,yes,,
1020,1,4,R,yes,,
1020,4,3,R,yes,,
1020,211,11,R,yes,,
1021,131,44,1,no,,
1021,9,33,2,no,,
1021,6,5,3,no,,
1021,6,16,4,no,,
1021,1,55,5,no,,
1021,9,10,6,no,,
1021,51,7,7,no,,
1021,131,77,8,no,,
1021,1,4,9,no,,
1021,5,23,10,no,,
1021,211,11,11,no,,
1021,4,27,12,no,,
1021,210,20,13,no,,
1021,4,3,14,no,,
1021,5,26,15,no,,
1021,3,63,16,no,,
1021,211,18,17,no,,
1021,51,99,18,no,,
1021,3,88,19,no,,
1021,210,8,R,no,,
1022,6,16,1,no,,
1022,131,44,2,no,,
1022,131,77,3,no,,
1022,6,5,4,no,,
1022,9,23,5,no,,
1022,211,11,6,no,,
1022,5,26,7,no,,
1022,4,27,8,no,,
1022,5,10,9,no,,
1022,211,18,10,no,,
1022,1,4,11,no,,
1022,210,20,12,no,,
1022,210,8,13,no,,
1022,4,3,14,no,,
1022,3,63,15,no,,
1022,51,7,16,no,,
1022,3,88,17,no,,
1022,51,99,18,no,,
1022,1,55,R,no,,
1022,9,33,R,no,,
1023,6,16,1,no,,
1023,131,77,2,no,,
1023,131,44,3,no,,
1023,4,3,4,no,,
1023,4,27,5,no,,
1023,9,23,6,no,,
1023,211,11,7,no,,
1023,9,33,8,no,,
1023,51,99,9,no,,
1023,1,4,10,no,,
1023,5,10,11,no,,
1023,211,18,12,no,,
1023,6,5,13,no,,
1023,3,63,14,no,,
1023,51,7,15,no,,
1023,210,8,16,no,,
1023,3,88,17,no,,
1023,210,20,R,no,,
1023,5,26,R,no,,
1023,1,55,R,no,,
1024,6,5,1,no,,
1024,6,16,2,no,,
1024,9,33,3,no,,
1024,131,44,4,no,,
1024,131,77,5,no,,
1024,9,23,6,no,,
1024,1,4,7,no,,
1024,5,10,8,no,,
1024,4,27,9,no,,
1024,51,99,10,no,,
1024,210,8,11,no,,
1024,1,55,12,no,,
1024,211,18,13,no,,
1024,4,3,14,no,,
1024,5,26,15,no,,
1024,3,88,16,no,,
1024,210,20,17,no,,
1024,51,7,R,no,,
1024,211,11,R,no,,
1024,3,63,R,no,,
1025,131,44,1,no,,
1025,131,77,2,no,,
1025,6,16,3,no,,
1025,9,33,4,no,,
1025,9,23,5,no,,
1025,1,55,6,no,,
1025,211,11,7,no,,
1025,1,4,8,no,,
1025,210,20,9,no,,
1025,4,27,10,no,,
1025,211,18,11,no,,
1025,5,26,12,no,,
1025,51,7,13,no,,
1025,5,10,14,no,,
1025,51,99,15,no,,
1025,3,88,R,no,,
1025,3,63,R,no,,
1025,6,5,R,no,,
1025,4,3,R,no,,
1025,210,8,R,no,,
1026,131,77,1,no,,
1026,6,5,2,no,,
1026,131,44,3,no,,
1026,9,23,4,no,,
1026,1,55,5,no,,
1026,6,16,6,no,,
1026,5,10,7,no,,
1026,211,11,8,no,,
1026,211,18,9,no,,
1026,5,26,10,no,,
1026,1,4,11,no,,
1026,51,7,12,no,,
1026,210,8,13,no,,
1026,51,99,14,no,,
1026,210,20,15,no,,
1026,3,63,16,no,,
1026,3,88,17,no,,
1026,9,33,R,no,,
1026,4,3,D,no,,
1026,4,27,D,no,,
1027,131,44,1,no,,
1027,6,5,2,no,,
1027,131,77,3,no,,
1027,6,16,4,no,,
1027,9,23,5,no,,
1027,9,33,6,no,,
1027,211,11,7,no,,
1027,4,3,8,no,,
1027,5,10,9,no,,
1027,4,27,10,no,,
1027,5,26,11,no,,
1027,211,18,12,no,,
1027,1,55,13,no,,
1027,51,99,14,no,,
1027,210,20,15,no,,
1027,3,63,16,no,,
1027,210,8,17,no,,
1027,3,88,18,no,,
1027,51,7,R,no,,
1027,1,4,R,no,,
1031,131,77,1,no,,
1028,131,77,1,no,,
1028,131,44,2,no,,
1028,9,33,3,no,,
1028,6,16,4,no,,
1028,9,23,5,no,,
1028,4,3,6,no,,
1028,1,4,7,no,,
1028,1,55,8,no,,
1028,4,27,9,no,,
1028,211,11,10,no,,
1028,51,7,11,no,,
1028,5,26,12,no,,
1028,211,18,13,no,,
1028,51,99,14,no,,
1028,210,8,15,no,,
1028,5,10,16,no,,
1028,3,63,17,no,,
1028,210,20,18,no,,
1028,3,88,R,no,,
1028,6,5,R,no,,
1029,9,33,1,no,,
1029,5,10,2,no,,
1029,1,55,3,no,,
1029,51,7,4,no,,
1029,51,99,5,no,,
1029,4,3,6,no,,
1029,131,44,7,no,,
1029,1,4,8,no,,
1029,211,11,9,no,,
1029,5,26,10,no,,
1029,210,20,11,no,,
1029,3,63,12,no,,
1029,210,8,13,no,,
1029,9,23,14,no,,
1029,4,27,15,no,,
1029,3,88,16,no,,
1029,6,5,17,no,,
1029,6,16,18,no,,
1029,211,18,19,no,,
1029,131,77,R,no,,
1030,131,44,1,no,,
1030,9,33,2,no,,
1030,6,16,3,no,,
1030,131,77,4,no,,
1030,6,5,5,no,,
1030,9,23,6,no,,
1030,211,11,7,no,,
1030,1,4,8,no,,
1030,5,26,9,no,,
1030,1,55,10,no,,
1030,4,3,11,no,,
1030,4,27,12,no,,
1030,51,7,13,no,,
1030,210,20,14,no,,
1030,210,8,15,no,,
1030,51,99,16,no,,
1030,3,63,17,no,,
1030,5,10,18,no,,
1030,3,88,19,no,,
1030,211,18,R,no,,
1031,6,16,2,no,,
1031,1,4,3,no,,
1031,131,44,4,no,,
1031,1,55,5,no,,
1031,211,11,6,no,,
1031,213,10,7,no,,
1031,4,31,8,no,,
1031,51,99,9,no,,
1031,6,5,10,no,,
1031,3,6,11,no,,
1031,213,26,12,no,,
1031,9,23,13,no,,
1031,51,7,R,no,,
1031,3,63,R,no,,
1031,210,8,R,no,,
1031,210,20,R,no,,
1031,211,18,R,no,,
1031,4,3,R,no,,
1031,9,33,R,no,,
1032,131,44,1,no,,
1032,131,77,2,no,,
1032,9,33,3,no,,
1032,9,23,4,no,,
1032,1,4,5,no,,
1032,211,11,6,no,,
1032,211,18,7,no,,
1032,4,3,8,no,,
1032,1,55,9,no,,
1032,213,26,10,no,,
1032,51,7,11,no,,
1032,210,20,12,no,,
1032,210,8,13,no,,
1032,51,99,14,no,,
1032,213,10,15,no,,
1032,3,63,16,no,,
1032,3,6,17,no,,
1032,4,31,R,no,,
1032,6,16,R,no,,
1032,6,5,R,no,,
1033,131,44,1,yes,,
1033,9,33,2,yes,,
1033,131,77,3,yes,,
1033,211,18,4,yes,,
1033,9,23,5,yes,,
1033,6,5,6,yes,,
1033,211,11,7,yes,,
1033,4,3,8,yes,,
1033,1,55,9,yes,,
1033,210,20,10,yes,,
1033,6,16,11,yes,,
1033,213,26,12,yes,,
1033,1,4,13,yes,,
1033,4,31,14,yes,,
1033,51,7,15,yes,,
1033,210,8,16,yes,,
1033,51,99,17,yes,,
1033,3,63,18,yes,,
1033,3,6,19,yes,,
1033,213,10,R,yes,,
1034,131,44,1,no,,
1034,9,33,2,no,,
1034,6,16,3,no,,
1034,4,3,4,no,,
1034,1,4,5,no,,
1034,4,31,6,no,,
1034,213,10,7,no,,
1034,9,23,8,no,,
1034,211,18,9,no,,
1034,6,5,10,no,,
1034,131,77,11,no,,
1034,3,63,12,no,,
1034,1,55,13,no,,
1034,51,99,14,no,,
1034,3,6,15,no,,
1034,210,8,16,no,,
1034,51,7,17,no,,
1034,213,26,R,no,,
1034,210,20,R,no,,
1034,211,27,W,no,,
1035,9,33,1,no,,
1035,131,44,2,no,,
1035,131,77,3,no,,
1035,6,16,4,no,,
1035,9,23,5,no,,
1035,211,18,6,no,,
1035,211,27,7,no,,
1035,4,31,8,no,,
1035,1,4,9,no,,
1035,213,26,10,no,,
1035,213,10,11,no,,
1035,6,5,12,no,,
1035,1,55,13,no,,
1035,4,3,14,no,,
1035,51,7,15,no,,
1035,210,8,16,no,,
1035,51,99,17,no,,
1035,3,63,18,no,,
1035,3,6,19,no,,
1035,210,20,R,no,,
1036,131,44,1,no,,
1036,9,33,2,no,,
1036,131,77,3,no,,
1036,211,18,4,no,,
1036,211,11,5,no,,
1036,1,55,6,no,,
1036,6,5,7,no,,
1036,9,23,8,no,,
1036,213,10,9,no,,
1036,1,4,10,no,,
1036,4,3,11,no,,
1036,213,26,12,no,,
1036,4,31,13,no,,
1036,51,7,14,no,,
1036,210,20,15,no,,
1036,51,99,16,no,,
1036,3,63,17,no,,
1036,3,6,18,no,,
1036,210,8,19,no,,
1036,6,16,R,no,,
1037,131,44,1,no,,
1037,131,77,2,no,,
1037,9,33,3,no,,
1037,4,3,4,no,,
1037,4,31,5,no,,
1037,9,23,6,no,,
1037,1,4,7,no,,
1037,213,10,8,no,,
1037,211,18,9,no,,
1037,211,11,10,no,,
1037,213,26,11,no,,
1037,51,7,12,no,,
1037,6,5,13,no,,
1037,6,16,14,no,,
1037,210,8,15,no,,
1037,3,6,16,no,,
1037,210,20,17,no,,
1037,51,99,R,no,,
1037,3,63,R,no,,
1037,1,55,W,no,,
1038,213,10,1,no,,
1038,1,55,2,no,,
1038,211,18,3,no,,
1038,1,4,4,no,,
1038,131,77,5,no,,
1038,4,3,6,no,,
1038,131,44,7,no,,
1038,4,31,8,no,,
1038,213,26,9,no,,
1038,211,11,10,no,,
1038,3,6,11,no,,
1038,210,8,12,no,,
1038,51,7,13,no,,
1038,3,63,14,no,,
1038,9,23,15,no,,
1038,51,99,16,no,,
1038,9,33,R,no,,
1038,6,16,R,no,,
1038,210,20,R,no,,
1038,6,5,R,no,,
1039,131,44,1,no,,
1039,131,77,2,no,,
1039,9,23,3,no,,
1039,4,3,4,no,,
1039,211,11,5,no,,
1039,1,4,6,no,,
1039,213,26,7,no,,
1039,6,16,8,no,,
1039,51,7,9,no,,
1039,6,5,10,no,,
1039,3,63,11,no,,
1039,210,8,12,no,,
1039,211,18,R,no,,
1039,4,31,R,no,,
1039,3,6,R,no,,
1039,210,20,R,no,,
1039,51,99,R,no,,
1039,1,55,R,no,,
1039,9,33,R,no,,
1039,213,10,R,no,,
1040,131,77,1,no,,
1040,9,33,2,no,,
1040,131,44,3,no,,
1040,211,11,4,no,,
1040,4,3,5,no,,
1040,6,16,6,no,,
1040,4,31,7,no,,
1040,213,26,8,no,,
1040,213,10,9,no,,
1040,9,23,10,no,,
1040,51,99,11,no,,
1040,210,20,12,no,,
1040,6,5,13,no,,
1040,51,7,14,no,,
1040,1,4,15,no,,
1040,3,6,16,no,,
1040,210,8,17,no,,
1040,3,63,18,no,,
1040,1,55,R,no,,
1040,211,18,R,no,,
1041,131,44,1,no,,
1041,9,33,2,no,,
1041,4,3,3,no,,
1041,211,11,4,no,,
1041,1,55,5,no,,
1041,213,10,6,no,,
1041,6,16,7,no,,
1041,211,27,8,no,,
1041,210,8,9,no,,
1041,51,99,10,no,,
1041,6,5,11,no,,
1041,51,7,12,no,,
1041,210,20,13,no,,
1041,3,6,14,no,,
1041,213,26,15,no,,
1041,1,4,R,no,,
1041,9,23,R,no,,
1041,4,31,R,no,,
1041,131,77,R,no,,
1041,3,63,R,no,,
1042,131,44,1,no,,
1042,131,77,2,no,,
1042,9,33,3,no,,
1042,6,16,4,no,,
1042,213,10,5,no,,
1042,1,55,6,no,,
1042,211,11,7,no,,
1042,4,31,8,no,,
1042,4,3,9,no,,
1042,6,5,10,no,,
1042,51,7,11,no,,
1042,9,23,12,no,,
1042,1,4,13,no,,
1042,3,63,14,no,,
1042,51,99,15,no,,
1042,210,20,16,no,,
1042,210,8,17,no,,
1042,3,6,18,no,,
1042,213,26,19,no,,
1042,211,18,R,no,,
1043,131,44,1,no,,
1043,131,77,2,no,,
1043,4,3,3,no,,
1043,213,26,4,no,,
1043,6,16,5,no,,
1043,211,11,6,no,,
1043,1,55,7,no,,
1043,1,4,8,no,,
1043,51,7,9,no,,
1043,51,99,10,no,,
1043,3,6,11,no,,
1043,6,5,12,no,,
1043,211,18,13,no,,
1043,210,8,14,no,,
1043,9,23,15,no,,
1043,3,63,R,no,,
1043,9,33,R,no,,
1043,210,20,R,no,,
1043,4,31,R,no,,
1043,213,10,R,no,,
1044,131,44,1,yes,,
1044,211,11,2,yes,,
1044,6,5,3,yes,,
1044,6,16,4,yes,,
1044,1,55,5,yes,,
1044,9,33,6,yes,,
1044,9,23,7,yes,,
1044,1,4,8,yes,,
1044,211,18,9,yes,,
1044,4,3,10,yes,,
1044,4,31,11,yes,,
1044,213,26,12,yes,,
1044,213,10,13,yes,,
1044,131,77,14,yes,,
1044,51,7,15,yes,,
1044,3,63,16,yes,,
1044,210,20,17,yes,,
1044,210,8,R,yes,,
1044,3,6,R,yes,,
1044,51,99,R,yes,,
1045,131,44,1,no,,
1045,9,33,2,no,,
1045,9,23,3,no,,
1045,1,4,4,no,,
1045,1,55,5,no,,
1045,213,10,6,no,,
1045,4,3,7,no,,
1045,131,77,8,no,,
1045,4,31,9,no,,
1045,6,16,10,no,,
1045,213,26,11,no,,
1045,3,63,12,no,,
1045,6,5,13,no,,
1045,3,6,14,no,,
1045,51,7,15,no,,
1045,51,99,16,no,,
1045,210,20,17,no,,
1045,211,11,18,no,,
1045,211,18,R,no,,
1045,210,8,R,no,,
1046,211,11,1,no,,
1046,4,31,2,no,,
1046,211,18,3,no,,
1046,1,55,4,no,,
1046,4,3,5,no,,
1046,9,23,6,no,,
1046,213,26,7,no,,
1046,131,77,8,no,,
1046,131,63,9,no,,
1046,1,4,10,no,,
1046,213,10,11,no,,
1046,6,5,12,no,,
1046,51,99,13,no,,
1046,51,7,14,no,,
1046,210,20,15,no,,
1046,3,89,16,no,,
1046,210,51,17,no,,
1046,3,6,R,no,,
1046,9,33,R,no,,
1046,6,16,R,no,,
1047,9,33,1,no,,
1047,131,77,2,no,,
1047,131,44,3,no,,
1047,9,23,4,no,,
1047,1,4,5,no,,
1047,1,55,6,no,,
1047,4,3,7,no,,
1047,213,10,8,no,,
1047,4,31,9,no,,
1047,211,18,10,no,,
1047,213,26,11,no,,
1047,51,7,12,no,,
1047,6,16,13,no,,
1047,6,5,14,no,,
1047,3,63,15,no,,
1047,51,99,16,no,,
1047,3,6,17,no,,
1047,210,20,18,no,,
1047,210,51,19,no,,
1047,211,11,R,no,,
1052,131,44,1,no,,
1052,9,33,2,no,,
1052,131,77,3,no,,
1052,1,4,4,no,,
1052,9,11,5,no,,
1052,6,16,6,no,,
1052,1,3,7,no,,
1052,6,55,8,no,,
1052,213,22,9,no,,
1052,117,18,10,no,,
1052,51,7,11,no,,
1052,51,99,12,no,,
1052,214,31,13,no,,
1052,3,63,14,no,,
1052,117,5,15,no,,
1052,210,47,16,no,,
1052,213,10,17,no,,
1052,3,6,18,no,,
1052,214,14,R,no,,
1052,210,9,R,no,,
1053,9,33,1,yes,,
1053,131,44,2,yes,,
1053,1,4,3,yes,,
1053,6,16,4,yes,,
1053,6,55,5,yes,,
1053,1,3,6,yes,,
1053,213,10,7,yes,,
1053,117,18,8,yes,,
1053,214,31,9,yes,,
1053,214,14,10,yes,,
1053,9,11,11,yes,,
1053,213,22,12,yes,,
1053,51,7,13,yes,,
1053,51,99,14,yes,,
1053,117,5,15,yes,,
1053,210,47,16,yes,,
1053,210,9,17,yes,,
1053,131,77,R,yes,,
1053,3,63,R,yes,,
1053,3,6,R,yes,,
1054,131,44,1,no,,
1054,9,33,2,no,,
1054,131,77,3,no,,
1054,9,11,4,no,,
1054,1,4,5,no,,
1054,6,16,6,no,,
1054,214,31,7,no,,
1054,214,14,8,no,,
1054,1,3,9,no,,
1054,213,10,10,no,,
1054,6,55,11,no,,
1054,51,99,12,no,,
1054,117,5,13,no,,
1054,117,18,14,no,,
1054,213,22,15,no,,
1054,3,63,16,no,,
1054,210,47,17,no,,
1054,3,6,18,no,,
1054,210,9,19,no,,
1054,51,7,R,no,,
1055,131,44,1,no,,
1055,9,33,2,no,,
1055,131,77,3,no,,
1055,6,16,4,no,,
1055,9,11,5,no,,
1055,1,3,6,no,,
1055,6,55,7,no,,
1055,1,4,8,no,,
1055,214,31,9,no,,
1055,213,10,10,no,,
1055,117,18,11,no,,
1055,51,7,12,no,,
1055,117,5,13,no,,
1055,3,63,14,no,,
1055,51,99,15,no,,
1055,3,6,16,no,,
1055,214,14,17,no,,
1055,210,47,18,no,,
1055,210,9,19,no,,
1055,213,22,R,no,,
1056,6,55,2,no,,
1056,9,33,1,no,,
1056,1,4,3,no,,
1056,9,11,4,no,,
1056,117,5,5,no,,
1056,213,10,6,no,,
1056,131,44,7,no,,
1056,117,18,8,no,,
1056,214,31,9,no,,
1056,51,99,10,no,,
1056,51,7,11,no,,
1056,1,3,12,no,,
1056,214,14,13,no,,
1056,3,63,14,no,,
1056,3,6,15,no,,
1056,213,22,16,no,,
1056,210,9,17,no,,
1056,210,47,18,no,,
1056,131,77,R,no,,
1056,6,16,W,no,,
1057,9,11,1,no,,
1057,117,5,2,no,,
1057,213,10,3,no,,
1057,6,16,4,no,,
1057,1,4,5,no,,
1057,214,14,6,no,,
1057,213,22,7,no,,
1057,6,55,8,no,,
1057,1,3,9,no,,
1057,51,7,10,no,,
1057,51,99,11,no,,
1057,131,77,12,no,,
1057,210,47,13,no,,
1057,210,9,14,no,,
1057,131,44,15,no,,
1057,3,6,16,no,,
1057,3,63,R,no,,
1057,9,33,R,no,,
1057,117,18,R,no,,
1057,214,31,R,no,,
1059,9,33,1,no,,
1059,131,44,2,no,,
1059,9,11,3,no,,
1059,131,77,4,no,,
1059,1,4,5,no,,
1059,1,3,6,no,,
1059,213,10,7,no,,
1059,214,14,8,no,,
1059,117,5,9,no,,
1059,117,18,10,no,,
1059,6,55,11,no,,
1059,3,63,12,no,,
1059,213,22,13,no,,
1059,214,31,14,no,,
1059,51,99,15,no,,
1059,6,16,16,no,,
1059,51,7,17,no,,
1059,3,6,18,no,,
1059,210,47,19,no,,
1059,210,9,20,no,,
1058,9,33,1,no,,
1058,131,44,2,no,,
1058,131,77,3,no,,
1058,9,11,4,no,,
1058,1,4,5,no,,
1058,6,55,6,no,,
1058,6,16,7,no,,
1058,117,18,8,no,,
1058,214,14,9,no,,
1058,213,22,10,no,,
1058,51,7,11,no,,
1058,117,5,12,no,,
1058,1,3,13,no,,
1058,214,31,14,no,,
1058,51,99,15,no,,
1058,210,47,16,no,,
1058,3,6,17,no,,
1058,210,9,18,no,,
1058,3,63,R,no,,
1058,213,10,R,no,,
1060,9,33,1,no,,
1060,131,77,2,no,,
1060,1,4,3,no,,
1060,131,44,4,no,,
1060,6,55,5,no,,
1060,9,11,6,no,,
1060,1,3,7,no,,
1060,6,16,8,no,,
1060,213,10,9,no,,
1060,214,14,10,no,,
1060,3,63,11,no,,
1060,213,22,12,no,,
1060,117,18,13,no,,
1060,51,99,14,no,,
1060,51,7,15,no,,
1060,3,6,16,no,,
1060,117,5,17,no,,
1060,210,47,18,no,,
1060,210,9,19,no,,
1060,214,31,R,no,,
1061,131,44,1,no,,
1061,6,16,2,no,,
1061,131,77,3,no,,
1061,1,4,4,no,,
1061,1,3,5,no,,
1061,6,55,6,no,,
1061,214,14,7,no,,
1061,117,18,8,no,,
1061,214,31,9,no,,
1061,213,22,10,no,,
1061,213,10,11,no,,
1061,3,63,12,no,,
1061,51,99,13,no,,
1061,3,6,14,no,,
1061,51,7,15,no,,
1061,9,11,16,no,,
1061,210,9,17,no,,
1061,210,47,18,no,,
1061,117,5,R,no,,
1061,9,33,R,no,,
1062,214,31,1,no,,
1062,131,44,2,no,,
1062,6,55,3,no,,
1062,214,14,4,no,,
1062,213,10,5,no,,
1062,213,22,6,no,,
1062,3,6,7,no,,
1062,3,63,8,no,,
1062,9,33,9,no,,
1062,51,7,10,no,,
1062,1,3,11,no,,
1062,210,47,12,no,,
1062,51,99,13,no,,
1062,210,9,R,no,,
1062,1,4,R,no,,
1062,131,77,R,no,,
1062,9,11,R,no,,
1062,6,16,R,no,,
1062,117,18,R,no,,
1062,117,5,D,no,,
1063,9,33,1,yes,,
1063,3,63,2,yes,,
1063,131,44,3,yes,,
1063,1,3,4,yes,,
1063,117,5,5,yes,,
1063,213,10,6,yes,,
1063,214,31,7,yes,,
1063,6,16,8,yes,,
1063,3,6,9,yes,,
1063,6,55,10,yes,,
1063,214,14,11,yes,,
1063,131,77,12,yes,,
1063,51,99,13,yes,,
1063,1,4,14,yes,,
1063,213,22,15,yes,,
1063,210,47,16,yes,,
1063,210,9,17,yes,,
1063,51,7,18,yes,,
1063,9,11,19,yes,,
1063,117,18,20,yes,,
1064,9,33,1,no,,
1064,131,44,2,no,,
1064,131,77,3,no,,
1064,213,10,4,no,,
1064,6,16,5,no,,
1064,214,14,6,no,,
1064,6,55,7,no,,
1064,9,11,8,no,,
1064,214,31,9,no,,
1064,1,4,10,no,,
1064,1,3,11,no,,
1064,117,18,12,no,,
1064,117,5,13,no,,
1064,51,99,14,no,,
1064,51,88,15,no,,
1064,3,6,16,no,,
1064,3,63,17,no,,
1064,210,47,18,no,,
1064,213,22,R,no,,
1064,210,9,R,no,,
1065,1,3,1,no,,
1065,1,4,2,no,,
1065,131,77,3,no,,
1065,6,16,4,no,,
1065,9,11,5,no,,
1065,6,55,6,no,,
1065,117,18,7,no,,
1065,214,14,8,no,,
1065,3,63,9,no,,
1065,214,31,10,no,,
1065,3,6,11,no,,
1065,117,5,12,no,,
1065,51,99,13,no,,
1065,51,88,14,no,,
1065,210,47,15,no,,
1065,210,9,R,no,,
1065,131,44,R,no,,
1065,9,33,R,no,,
1065,213,10,R,no,,
1065,213,22,W,no,,
1066,131,44,1,yes,,
1066,9,33,2,yes,,
1066,6,55,3,yes,,
1066,1,3,4,yes,,
1066,131,77,5,yes,,
1066,214,14,6,yes,,
1066,1,4,7,yes,,
1066,51,7,8,yes,,
1066,9,11,9,yes,,
1066,3,63,10,yes,,
1066,117,18,11,yes,,
1066,117,5,12,yes,,
1066,213,10,13,yes,,
1066,214,31,14,yes,,
1066,6,16,15,yes,,
1066,51,99,16,yes,,
1066,213,22,17,yes,,
1066,210,9,18,yes,,
1066,3,6,19,yes,,
1066,210,47,R,yes,,
1067,131,77,1,no,,
1067,9,33,2,no,,
1067,9,11,3,no,,
1067,6,16,4,no,,
1067,131,44,5,no,,
1067,213,10,6,no,,
1067,1,4,7,no,,
1067,6,55,8,no,,
1067,117,18,9,no,,
1067,214,31,10,no,,
1067,51,99,11,no,,
1067,51,7,12,no,,
1067,1,3,13,no,,
1067,213,22,14,no,,
1067,3,63,15,no,,
1067,214,14,16,no,,
1067,3,6,17,no,,
1067,117,5,18,no,,
1067,210,47,19,no,,
1067,210,9,20,no,,
1069,9,33,1,no,,
1069,131,44,2,no,,
1069,9,11,3,no,,
1069,6,16,4,no,,
1069,1,3,5,no,,
1069,131,77,6,no,,
1069,6,55,7,no,,
1069,1,4,8,no,,
1069,213,22,9,no,,
1069,117,5,10,no,,
1069,51,99,11,no,,
1069,117,18,12,no,,
1069,51,7,13,no,,
1069,3,63,14,no,,
1069,3,6,15,no,,
1069,210,47,16,no,,
1069,210,9,17,no,,
1069,214,14,R,no,,
1069,214,31,R,no,,
1069,213,10,R,no,,
1070,9,33,1,no,,
1070,131,44,2,no,,
1070,9,11,3,no,,
1070,213,10,4,no,,
1070,6,16,5,no,,
1070,6,55,6,no,,
1070,117,5,7,no,,
1070,51,7,8,no,,
1070,214,14,9,no,,
1070,1,4,10,no,,
1070,51,99,11,no,,
1070,1,3,12,no,,
1070,214,31,13,no,,
1070,117,18,14,no,,
1070,131,77,15,no,,
1070,3,63,16,no,,
1070,3,6,17,no,,
1070,210,9,18,no,,
1070,210,47,R,no,,
1070,213,22,R,no,,
1071,131,44,1,no,,
1071,9,33,2,no,,
1071,131,77,3,no,,
1071,9,11,4,no,,
1071,6,16,5,no,,
1071,6,55,6,no,,
1071,213,10,7,no,,
1071,214,31,8,no,,
1071,214,14,9,no,,
1071,1,4,10,no,,
1071,117,5,11,no,,
1071,51,7,12,no,,
1071,3,63,13,no,,
1071,51,99,14,no,,
1071,213,22,15,no,,
1071,3,6,16,no,,
1071,210,9,17,no,,
1071,210,47,18,no,,
1071,1,3,R,no,,
1071,117,18,R,no,,
1051,131,44,1,no,,
1051,9,33,2,no,,
1051,214,14,3,no,,
1051,9,11,4,no,,
1051,214,31,5,no,,
1051,117,18,6,no,,
1051,6,55,7,no,,
1051,6,16,8,no,,
1051,1,4,9,no,,
1051,117,5,10,no,,
1051,213,10,11,no,,
1051,1,3,12,no,,
1051,213,22,13,no,,
1051,51,7,14,no,,
1051,51,99,15,no,,
1051,210,47,16,no,,
1051,3,63,17,no,,
1051,210,9,18,no,,
1051,3,6,R,no,,
1051,131,77,R,no,,
1072,131,44,1,no,,
1072,9,33,2,no,,
1072,131,77,3,no,,
1072,214,31,4,no,,
1072,1,3,5,no,,
1072,213,10,6,no,,
1072,6,16,7,no,,
1072,6,55,8,no,,
1072,51,99,9,no,,
1072,1,4,10,no,,
1072,117,18,11,no,,
1072,3,6,12,no,,
1072,214,14,13,no,,
1072,213,22,14,no,,
1072,51,7,15,no,,
1072,117,5,R,no,,
1072,9,11,R,no,,
1072,210,9,R,no,,
1072,3,63,R,no,,
1072,210,47,R,no,,
1073,9,33,1,no,,
1073,131,44,2,no,,
1073,6,55,3,no,,
1073,213,22,4,no,,
1073,213,10,5,no,,
1073,131,77,6,no,,
1073,1,4,7,no,,
1073,214,14,8,no,,
1073,214,31,9,no,,
1073,6,16,10,no,,
1073,117,5,11,no,,
1073,1,3,12,no,,
1073,117,18,13,no,,
1073,210,47,14,no,,
1073,9,11,15,no,,
1073,3,6,R,no,,
1073,51,99,R,no,,
1073,3,63,R,no,,
1073,51,7,R,no,,
1073,210,9,W,no,,
1074,6,16,1,no,,
1074,6,55,2,no,,
1074,131,44,3,no,,
1074,131,63,4,no,,
1074,210,20,5,no,,
1074,51,77,6,no,,
1074,214,31,7,no,,
1074,213,22,8,no,,
1074,214,14,9,no,,
1074,51,24,10,no,,
1074,210,47,11,no,,
1074,117,18,12,no,,
1074,3,23,13,no,,
1074,1,3,14,no,,
1074,1,4,15,no,,
1074,3,6,16,no,,
1074,117,27,17,no,,
1074,9,11,18,no,,
1074,9,1,19,no,,
1074,213,10,R,no,,
1075,9,1,1,no,,
1075,6,16,2,no,,
1075,6,55,3,no,,
1075,9,11,4,no,,
1075,131,63,5,no,,
1075,214,31,6,no,,
1075,1,4,7,no,,
1075,213,10,8,no,,
1075,210,20,9,no,,
1075,131,44,10,no,,
1075,51,24,11,no,,
1075,117,27,12,no,,
1075,117,18,13,no,,
1075,3,23,14,no,,
1075,51,77,R,no,,
1075,214,14,R,no,,
1075,1,3,R,no,,
1075,3,6,R,no,,
1075,213,22,R,no,,
1075,210,47,W,no,,
1076,6,16,1,no,,
1076,9,11,2,no,,
1076,131,63,3,no,,
1076,131,44,4,no,,
1076,1,4,5,no,,
1076,1,3,6,no,,
1076,214,31,7,no,,
1076,51,77,8,no,,
1076,213,10,9,no,,
1076,3,23,10,no,,
1076,51,24,11,no,,
1076,117,18,12,no,,
1076,210,47,13,no,,
1076,210,20,14,no,,
1076,213,22,15,no,,
1076,3,6,16,no,,
1076,214,14,17,no,,
1076,9,1,R,no,,
1076,117,5,R,no,,
1076,6,55,R,no,,
1077,9,1,1,no,,
1077,9,11,2,no,,
1077,1,4,3,no,,
1077,131,63,4,no,,
1077,51,77,5,no,,
1077,6,16,6,no,,
1077,213,22,7,no,,
1077,117,5,8,no,,
1077,210,20,9,no,,
1077,117,18,10,no,,
1077,3,23,11,no,,
1077,213,10,12,no,,
1077,131,44,13,no,,
1077,214,31,14,no,,
1077,51,24,15,no,,
1077,3,6,16,no,,
1077,210,47,17,no,,
1077,1,3,18,no,,
1077,214,14,R,no,,
1077,6,55,R,no,,
1078,9,1,1,no,,
1078,6,16,2,no,,
1078,6,55,3,no,,
1078,9,11,4,no,,
1078,131,63,5,no,,
1078,131,44,6,no,,
1078,51,77,7,no,,
1078,214,31,8,no,,
1078,3,23,9,no,,
1078,117,18,10,no,,
1078,214,14,11,no,,
1078,213,22,12,no,,
1078,1,3,13,no,,
1078,3,6,14,no,,
1078,210,47,15,no,,
1078,210,20,16,no,,
1078,117,5,17,no,,
1078,213,10,R,no,,
1078,1,4,R,no,,
1078,51,24,R,no,,
1079,9,1,1,no,,
1079,9,11,2,no,,
1079,131,63,3,no,,
1079,6,55,4,no,,
1079,131,44,5,no,,
1079,51,77,6,no,,
1079,214,31,7,no,,
1079,1,4,8,no,,
1079,214,14,9,no,,
1079,213,22,10,no,,
1079,117,5,11,no,,
1079,1,3,12,no,,
1079,213,10,13,no,,
1079,210,47,14,no,,
1079,117,18,15,no,,
1079,3,6,16,no,,
1079,210,20,17,no,,
1079,3,23,18,no,,
1079,51,24,R,no,,
1079,6,16,R,no,,
1080,9,11,1,no,,
1080,6,55,2,no,,
1080,9,1,3,no,,
1080,6,16,4,no,,
1080,131,63,5,no,,
1080,1,4,6,no,,
1080,214,14,7,no,,
1080,131,44,8,no,,
1080,51,77,9,no,,
1080,117,5,10,no,,
1080,213,10,11,no,,
1080,214,31,12,no,,
1080,1,3,13,no,,
1080,117,18,14,no,,
1080,3,6,15,no,,
1080,51,24,16,no,,
1080,213,22,17,no,,
1080,3,23,R,no,,
1080,210,47,R,no,,
1080,210,20,R,no,,
1081,9,1,1,no,,
1081,9,11,2,no,,
1081,131,63,3,no,,
1081,131,44,4,no,,
1081,213,10,5,no,,
1081,117,5,6,no,,
1081,214,14,7,no,,
1081,1,3,8,no,,
1081,1,4,9,no,,
1081,214,31,10,no,,
1081,51,77,11,no,,
1081,3,23,12,no,,
1081,213,22,13,no,,
1081,210,47,14,no,,
1081,3,6,15,no,,
1081,117,18,16,no,,
1081,210,20,R,no,,
1081,51,24,R,no,,
1081,6,16,R,no,,
1081,6,55,R,no,,
1082,9,1,1,no,,
1082,6,55,2,no,,
1082,131,44,3,no,,
1082,131,63,4,no,,
1082,6,16,5,no,,
1082,214,31,6,no,,
1082,51,77,7,no,,
1082,51,24,8,no,,
1082,214,14,9,no,,
1082,117,18,10,no,,
1082,1,3,11,no,,
1082,117,5,12,no,,
1082,3,23,13,no,,
1082,213,10,14,no,,
1082,1,4,15,no,,
1082,3,6,16,no,,
1082,210,20,17,no,,
1082,213,22,R,no,,
1082,210,47,R,no,,
1082,9,11,R,no,,
1083,6,55,1,no,,
1083,9,11,2,no,,
1083,131,44,3,no,,
1083,6,16,4,no,,
1083,214,14,5,no,,
1083,1,4,6,no,,
1083,9,1,7,no,,
1083,210,47,8,no,,
1083,117,5,9,no,,
1083,210,20,10,no,,
1083,117,18,11,no,,
1083,3,6,12,no,,
1083,1,3,13,no,,
1083,213,22,14,no,,
1083,214,31,R,no,,
1083,213,10,R,no,,
1083,51,77,R,no,,
1083,131,63,R,no,,
1083,51,24,R,no,,
1083,3,23,R,no,,
1084,6,16,1,no,,
1084,9,1,2,no,,
1084,131,44,3,no,,
1084,131,63,4,no,,
1084,214,31,5,no,,
1084,210,47,6,no,,
1084,1,4,7,no,,
1084,210,20,8,no,,
1084,1,3,9,no,,
1084,214,14,10,no,,
1084,51,77,11,no,,
1084,3,23,12,no,,
1084,117,18,13,no,,
1084,51,24,14,no,,
1084,213,10,15,no,,
1084,213,22,16,no,,
1084,117,5,17,no,,
1084,6,55,R,no,,
1084,3,6,R,no,,
1084,9,11,R,no,,
1085,9,1,1,no,,
1085,131,44,2,no,,
1085,131,63,3,no,,
1085,9,11,4,no,,
1085,6,55,5,no,,
1085,214,14,6,no,,
1085,1,4,7,no,,
1085,214,31,8,no,,
1085,1,3,9,no,,
1085,117,18,10,no,,
1085,117,5,11,no,,
1085,213,10,12,no,,
1085,3,23,13,no,,
1085,51,77,14,no,,
1085,210,47,15,no,,
1085,51,24,16,no,,
1085,3,6,R,no,,
1085,210,20,R,no,,
1085,6,16,R,no,,
1085,213,22,R,no,,
1086,9,1,1,no,,
1086,131,44,2,no,,
1086,131,63,3,no,,
1086,6,55,4,no,,
1086,9,11,5,no,,
1086,6,16,6,no,,
1086,1,4,7,no,,
1086,214,14,8,no,,
1086,214,31,9,no,,
1086,117,5,10,no,,
1086,117,18,11,no,,
1086,213,10,12,no,,
1086,51,24,13,no,,
1086,210,47,14,no,,
1086,1,3,15,no,,
1086,210,20,16,no,,
1086,3,23,17,no,,
1086,3,6,18,no,,
1086,213,22,19,no,,
1086,51,77,20,no,,
1087,9,1,1,no,,
1087,9,11,2,no,,
1087,6,55,3,no,,
1087,131,63,4,no,,
1087,214,14,5,no,,
1087,6,16,6,no,,
1087,214,31,7,no,,
1087,117,5,8,no,,
1087,213,10,9,no,,
1087,3,23,10,no,,
1087,117,18,11,no,,
1087,1,4,12,no,,
1087,213,22,13,no,,
1087,51,24,14,no,,
1087,1,3,15,no,,
1087,210,20,16,no,,
1087,210,47,17,no,,
1087,3,6,18,no,,
1087,51,77,R,no,,
1087,131,44,R,no,,
1088,9,1,1,no,,
1088,131,63,2,no,,
1088,6,16,3,no,,
1088,131,44,4,no,,
1088,9,11,5,no,,
1088,214,14,6,no,,
1088,1,4,7,no,,
1088,6,55,8,no,,
1088,214,31,9,no,,
1088,117,18,10,no,,
1088,213,10,11,no,,
1088,3,23,12,no,,
1088,210,47,13,no,,
1088,117,5,14,no,,
1088,210,20,15,no,,
1088,51,24,16,no,,
1088,1,3,17,no,,
1088,3,6,18,no,,
1088,51,77,R,no,,
1088,213,22,R,no,,
1089,9,1,1,no,,
1089,6,16,2,no,,
1089,131,63,3,no,,
1089,6,55,4,no,,
1089,131,44,5,no,,
1089,9,11,6,no,,
1089,1,4,7,no,,
1089,213,10,8,no,,
1089,3,45,9,no,,
1089,51,24,10,no,,
1089,214,31,11,no,,
1089,210,47,12,no,,
1089,51,77,13,no,,
1089,213,22,14,no,,
1089,3,6,15,no,,
1089,210,20,16,no,,
1089,1,3,R,no,,
1089,117,18,R,no,,
1089,214,14,R,no,,
1089,117,5,R,no,,
1091,9,11,1,yes,,
1091,6,16,2,yes,,
1091,6,55,3,yes,,
1091,1,4,4,yes,,
1091,1,3,5,yes,,
1091,117,18,6,yes,,
1091,9,1,7,yes,,
1091,117,5,8,yes,,
1091,131,44,9,yes,,
1091,213,10,10,yes,,
1091,51,77,11,yes,,
1091,210,20,12,yes,,
1091,210,47,13,yes,,
1091,131,63,14,yes,,
1091,213,22,R,yes,,
1091,214,31,R,yes,,
1091,3,23,R,yes,,
1091,214,14,R,yes,,
1091,3,6,R,yes,,
1091,51,24,R,yes,,
1092,9,1,1,yes,,
1092,9,11,2,yes,,
1092,6,16,3,yes,,
1092,214,31,4,yes,,
1092,131,44,5,yes,,
1092,117,5,6,yes,,
1092,214,14,7,yes,,
1092,131,63,8,yes,,
1092,3,6,9,yes,,
1092,1,4,10,yes,,
1092,1,3,11,yes,,
1092,117,18,12,yes,,
1092,213,22,13,yes,,
1092,210,20,14,yes,,
1092,51,77,15,yes,,
1092,51,24,16,yes,,
1092,210,47,17,yes,,
1092,213,10,18,yes,,
1092,6,55,R,yes,,
1092,3,23,R,yes,,
1093,9,1,1,no,,
1093,131,44,2,no,,
1093,6,16,3,no,,
1093,9,11,4,no,,
1093,131,63,5,no,,
1093,1,4,6,no,,
1093,214,14,7,no,,
1093,117,5,8,no,,
1093,210,20,9,no,,
1093,213,22,10,no,,
1093,214,31,11,no,,
1093,51,24,12,no,,
1093,3,23,13,no,,
1093,213,10,14,no,,
1093,210,47,15,no,,
1093,1,3,16,no,,
1093,3,6,17,no,,
1093,117,18,R,no,,
1093,51,77,R,no,,
1093,6,55,R,no,,
1094,9,1,1,no,,
1094,131,44,2,no,,
1094,9,11,3,no,,
1094,131,63,4,no,,
1094,6,55,5,no,,
1094,6,16,6,no,,
1094,1,3,7,no,,
1094,214,31,8,no,,
1094,1,4,9,no,,
1094,51,77,10,no,,
1094,213,10,11,no,,
1094,3,23,12,no,,
1094,51,24,13,no,,
1094,117,5,14,no,,
1094,117,18,15,no,,
1094,210,47,16,no,,
1094,210,20,17,no,,
1094,3,6,18,no,,
1094,214,14,19,no,,
1094,213,22,R,no,,
1095,131,63,1,no,,
1095,131,44,2,no,,
1095,6,55,3,no,,
1095,6,16,4,no,,
1095,214,14,5,no,,
1095,9,1,6,no,,
1095,9,11,7,no,,
1095,214,31,8,no,,
1095,51,77,9,no,,
1095,117,18,10,no,,
1095,117,5,11,no,,
1095,51,24,12,no,,
1095,210,47,13,no,,
1095,213,10,14,no,,
1095,3,23,15,no,,
1095,3,6,16,no,,
1095,213,22,17,no,,
1095,1,4,R,no,,
1095,210,20,R,no,,
1095,1,3,R,no,,
1096,9,1,1,no,,
1096,6,16,2,no,,
1096,9,11,3,no,,
1096,6,55,4,no,,
1096,131,63,5,no,,
1096,1,4,6,no,,
1096,214,31,7,no,,
1096,117,18,8,no,,
1096,1,3,9,no,,
1096,117,5,10,no,,
1096,213,22,11,no,,
1096,51,24,12,no,,
1096,3,23,13,no,,
1096,213,10,14,no,,
1096,51,77,15,no,,
1096,210,47,16,no,,
1096,210,20,17,no,,
1096,131,44,18,no,,
1096,3,6,19,no,,
1096,214,14,R,no,,
1098,9,1,1,no,,
1098,9,11,2,no,,
1098,117,14,3,no,,
1098,6,55,4,no,,
1098,131,44,5,no,,
1098,117,18,6,no,,
1098,131,63,7,no,,
1098,51,77,8,no,,
1098,214,10,9,no,,
1098,3,23,10,no,,
1098,213,22,11,no,,
1098,3,2,12,no,,
1098,210,20,13,no,,
1098,213,21,14,no,,
1098,210,27,15,no,,
1098,51,24,16,no,,
1098,1,4,17,no,,
1098,214,31,R,no,,
1098,6,16,R,no,,
1098,1,81,R,no,,
1099,9,11,1,no,,
1099,9,1,2,no,,
1099,117,14,3,no,,
1099,131,63,4,no,,
1099,131,44,5,no,,
1099,6,55,6,no,,
1099,6,16,7,no,,
1099,214,31,8,no,,
1099,214,10,9,no,,
1099,210,20,10,no,,
1099,213,22,11,no,,
1099,210,27,12,no,,
1099,51,24,13,no,,
1099,213,21,14,no,,
1099,1,81,15,no,,
1099,3,2,16,no,,
1099,1,4,17,no,,
1099,51,77,18,no,,
1099,3,23,R,no,,
1099,117,18,R,no,,
1100,9,1,1,no,,
1100,131,44,2,no,,
1100,117,14,3,no,,
1100,117,18,4,no,,
1100,9,11,5,no,,
1100,1,4,6,no,,
1100,210,27,7,no,,
1100,1,81,8,no,,
1100,51,24,9,no,,
1100,213,22,10,no,,
1100,51,77,11,no,,
1100,6,55,12,no,,
1100,214,10,13,no,,
1100,214,31,14,no,,
1100,213,21,15,no,,
1100,3,2,16,no,,
1100,210,20,17,no,,
1100,131,63,R,no,,
1100,3,23,R,no,,
1100,6,16,R,no,,
1101,9,11,1,no,,
1101,9,1,2,no,,
1101,6,16,3,no,,
1101,117,14,4,no,,
1101,6,55,5,no,,
1101,131,44,6,no,,
1101,117,18,7,no,,
1101,131,63,8,no,,
1101,1,4,9,no,,
1101,213,22,10,no,,
1101,1,81,11,no,,
1101,3,23,12,no,,
1101,210,20,13,no,,
1101,214,10,14,no,,
1101,214,31,15,no,,
1101,3,2,16,no,,
1101,210,27,17,no,,
1101,51,77,18,no,,
1101,51,24,R,no,,
1101,213,21,R,no,,
1102,9,1,1,no,,
1102,9,11,2,no,,
1102,117,14,3,no,,
1102,131,63,4,no,,
1102,6,55,5,no,,
1102,131,44,6,no,,
1102,6,16,7,no,,
1102,214,10,8,no,,
1102,214,31,9,no,,
1102,210,20,10,no,,
1102,213,22,11,no,,
1102,117,18,12,no,,
1102,51,77,13,no,,
1102,3,23,14,no,,
1102,210,27,15,no,,
1102,51,24,16,no,,
1102,1,4,17,no,,
1102,213,21,18,no,,
1102,1,81,19,no,,
1102,3,2,20,no,,
1104,9,1,1,yes,,
1104,117,14,2,yes,,
1104,214,31,3,yes,,
1104,131,44,4,yes,,
1104,131,63,5,yes,,
1104,6,16,6,yes,,
1104,214,10,7,yes,,
1104,6,55,8,yes,,
1104,1,4,9,yes,,
1104,1,81,10,yes,,
1104,51,77,11,yes,,
1104,213,21,12,yes,,
1104,51,24,13,yes,,
1104,3,23,14,yes,,
1104,213,22,15,yes,,
1104,9,11,16,yes,,
1104,210,27,17,yes,,
1104,3,2,18,yes,,
1104,210,20,R,yes,,
1104,117,18,R,yes,,
1105,9,1,1,no,,
1105,131,44,2,no,,
1105,131,63,3,no,,
1105,9,11,4,no,,
1105,6,55,5,no,,
1105,117,18,6,no,,
1105,117,14,7,no,,
1105,214,31,8,no,,
1105,51,24,9,no,,
1105,214,10,10,no,,
1105,6,16,11,no,,
1105,213,22,12,no,,
1105,1,81,13,no,,
1105,213,21,14,no,,
1105,210,27,15,no,,
1105,3,23,16,no,,
1105,1,4,17,no,,
1105,210,20,18,no,,
1105,51,77,19,no,,
1105,3,2,20,no,,
1106,9,1,1,no,,
1106,117,14,2,no,,
1106,131,44,3,no,,
1106,6,16,4,no,,
1106,6,55,5,no,,
1106,9,11,6,no,,
1106,3,23,7,no,,
1106,214,31,8,no,,
1106,117,18,9,no,,
1106,51,77,10,no,,
1106,1,81,11,no,,
1106,214,10,12,no,,
1106,1,4,13,no,,
1106,213,22,14,no,,
1106,210,27,15,no,,
1106,51,24,16,no,,
1106,210,20,17,no,,
1106,213,21,18,no,,
1106,131,63,R,no,,
1106,3,2,R,no,,
1107,9,1,1,no,,
1107,6,16,2,no,,
1107,9,11,3,no,,
1107,1,4,4,no,,
1107,117,14,5,no,,
1107,6,55,6,no,,
1107,131,63,7,no,,
1107,131,44,8,no,,
1107,117,18,9,no,,
1107,214,10,10,no,,
1107,3,23,11,no,,
1107,51,24,12,no,,
1107,3,2,13,no,,
1107,214,31,14,no,,
1107,51,77,15,no,,
1107,1,81,16,no,,
1107,213,21,17,no,,
1107,210,20,18,no,,
1107,213,22,19,no,,
1107,210,27,R,no,,
1108,9,1,1,no,,
1108,1,4,2,no,,
1108,131,44,3,no,,
1108,1,81,4,no,,
1108,131,63,5,no,,
1108,9,11,6,no,,
1108,117,14,7,no,,
1108,3,23,8,no,,
1108,6,16,9,no,,
1108,6,55,10,no,,
1108,3,2,11,no,,
1108,51,77,12,no,,
1108,210,27,13,no,,
1108,117,18,14,no,,
1108,51,24,15,no,,
1108,213,22,16,no,,
1108,213,21,17,no,,
1108,214,10,18,no,,
1108,210,20,R,no,,
1108,214,31,R,no,,
1109,9,1,1,no,,
1109,1,4,2,no,,
1109,9,11,3,no,,
1109,131,44,4,no,,
1109,1,81,5,no,,
1109,131,63,6,no,,
1109,6,16,7,no,,
1109,6,55,8,no,,
1109,117,14,9,no,,
1109,117,18,10,no,,
1109,3,23,11,no,,
1109,51,77,12,no,,
1109,213,3,13,no,,
1109,210,27,14,no,,
1109,213,22,15,no,,
1109,51,24,16,no,,
1109,210,20,17,no,,
1109,3,2,R,no,,
1109,214,31,R,no,,
1109,214,10,R,no,,
1110,9,1,1,yes,,
1110,9,11,2,yes,,
1110,6,16,3,yes,,
1110,131,44,4,yes,,
1110,117,14,5,yes,,
1110,131,63,6,yes,,
1110,1,4,7,yes,,
1110,214,31,8,yes,,
1110,117,18,9,yes,,
1110,213,22,10,yes,,
1110,214,10,11,yes,,
1110,51,77,12,yes,,
1110,51,24,13,yes,,
1110,3,23,14,yes,,
1110,210,20,15,yes,,
1110,213,3,16,yes,,
1110,3,2,17,yes,,
1110,210,27,18,yes,,
1110,6,55,R,yes,,
1110,1,81,R,yes,,
1111,9,1,1,no,,
1111,117,14,2,no,,
1111,214,10,3,no,,
1111,9,11,4,no,,
1111,6,55,5,no,,
1111,131,44,6,no,,
1111,1,4,7,no,,
1111,3,23,8,no,,
1111,1,81,9,no,,
1111,214,31,10,no,,
1111,117,18,11,no,,
1111,210,27,12,no,,
1111,213,40,13,no,,
1111,51,77,14,no,,
1111,213,22,15,no,,
1111,210,20,16,no,,
1111,131,63,17,no,,
1111,51,24,R,no,,
1111,6,16,R,no,,
1111,3,2,R,no,,
1112,9,1,1,no,,
1112,9,11,2,no,,
1112,6,55,3,no,,
1112,6,16,4,no,,
1112,131,63,5,no,,
1112,131,44,6,no,,
1112,3,23,7,no,,
1112,1,4,8,no,,
1112,117,14,9,no,,
1112,51,77,10,no,,
1112,213,40,11,no,,
1112,1,81,12,no,,
1112,3,2,13,no,,
1112,51,24,14,no,,
1112,214,10,15,no,,
1112,117,18,16,no,,
1112,210,27,17,no,,
1112,210,20,18,no,,
1112,214,31,R,no,,
1112,213,22,R,no,,
1113,6,55,1,no,,
1113,1,4,2,no,,
1113,131,44,3,no,,
1113,6,16,4,no,,
1113,9,1,5,no,,
1113,214,10,6,no,,
1113,1,81,7,no,,
1113,9,11,8,no,,
1113,213,40,9,no,,
1113,210,20,10,no,,
1113,3,23,11,no,,
1113,51,24,12,no,,
1113,210,27,13,no,,
1113,3,2,14,no,,
1113,117,14,15,no,,
1113,131,63,16,no,,
1113,51,77,R,no,,
1113,214,31,R,no,,
1113,213,22,R,no,,
1113,117,18,W,no,,
1114,9,1,1,no,,
1114,1,4,2,no,,
1114,1,81,3,no,,
1114,6,16,4,no,,
1114,131,44,5,no,,
1114,6,55,6,no,,
1114,131,63,7,no,,
1114,117,14,8,no,,
1114,214,31,9,no,,
1114,214,10,10,no,,
1114,213,40,11,no,,
1114,213,22,12,no,,
1114,51,24,13,no,,
1114,210,27,14,no,,
1114,210,20,15,no,,
1114,3,23,R,no,,
1114,3,2,R,no,,
1114,117,18,R,no,,
1114,9,11,R,no,,
1114,51,77,R,no,,
1115,9,1,1,no,,
1115,1,81,2,no,,
1115,1,4,3,no,,
1115,131,63,4,no,,
1115,6,16,5,no,,
1115,117,14,6,no,,
1115,214,31,7,no,,
1115,51,77,8,no,,
1115,51,24,9,no,,
1115,9,11,10,no,,
1115,117,18,11,no,,
1115,214,10,12,no,,
1115,3,23,13,no,,
1115,210,20,14,no,,
1115,213,22,15,no,,
1115,210,27,16,no,,
1115,213,40,17,no,,
1115,3,2,R,no,,
1115,131,44,R,no,,
1115,6,55,W,no,,
1116,9,1,1,no,,
1116,1,4,2,no,,
1116,6,55,3,no,,
1116,9,11,4,no,,
1116,131,63,5,no,,
1116,214,10,6,no,,
1116,117,18,7,no,,
1116,213,22,8,no,,
1116,3,23,9,no,,
1116,3,2,10,no,,
1116,210,27,11,no,,
1116,51,77,12,no,,
1116,51,24,13,no,,
1116,210,20,14,no,,
1116,213,3,15,no,,
1116,117,14,R,no,,
1116,1,81,R,no,,
1116,214,31,R,no,,
1116,131,44,D,no,,
1116,6,16,D,no,,
1117,9,1,1,no,,
1117,131,44,2,no,,
1117,6,16,3,no,,
1117,6,55,4,no,,
1117,1,4,5,no,,
1117,131,63,6,no,,
1117,213,3,7,no,,
1117,1,81,8,no,,
1117,3,23,9,no,,
1117,214,31,10,no,,
1117,214,10,11,no,,
1117,213,22,12,no,,
1117,210,27,13,no,,
1117,51,24,14,no,,
1117,51,77,15,no,,
1117,3,2,16,no,,
1117,117,18,17,no,,
1117,117,14,R,no,,
1117,210,20,R,no,,
1117,9,11,R,no,,
1118,9,1,1,no,,
1118,1,4,2,no,,
1118,117,14,3,no,,
1118,9,11,4,no,,
1118,117,18,5,no,,
1118,6,55,6,no,,
1118,214,10,7,no,,
1118,131,44,8,no,,
1118,213,22,9,no,,
1118,214,31,10,no,,
1118,3,2,11,no,,
1118,210,27,12,no,,
1118,213,3,13,no,,
1118,1,81,14,no,,
1118,131,63,R,no,,
1118,51,77,R,no,,
1118,51,24,R,no,,
1118,210,20,R,no,,
1118,3,23,R,no,,
1118,6,16,W,no,,
1119,9,1,1,no,,
1119,6,16,2,no,,
1119,9,11,3,no,,
1119,214,31,4,no,,
1119,117,18,5,no,,
1119,6,55,6,no,,
1119,131,44,7,no,,
1119,131,63,8,no,,
1119,117,14,9,no,,
1119,1,81,10,no,,
1119,214,10,11,no,,
1119,3,23,12,no,,
1119,210,20,13,no,,
1119,213,3,14,no,,
1119,51,24,15,no,,
1119,3,2,16,no,,
1119,51,77,17,no,,
1119,213,22,18,no,,
1119,210,27,19,no,,
1119,1,4,R,no,,
1120,9,1,1,no,,
1120,6,16,2,no,,
1120,131,63,3,no,,
1120,9,11,4,no,,
1120,1,4,5,no,,
1120,1,81,6,no,,
1120,117,14,7,no,,
1120,213,22,8,no,,
1120,131,44,9,no,,
1120,117,18,10,no,,
1120,213,3,11,no,,
1120,214,31,12,no,,
1120,214,10,13,no,,
1120,3,23,14,no,,
1120,210,27,15,no,,
1120,3,2,16,no,,
1120,51,24,17,no,,
1120,6,55,18,no,,
1120,51,77,19,no,,
1120,210,20,20,no,,
1121,9,1,1,no,,
1121,9,11,2,no,,
1121,6,55,3,no,,
1121,6,16,4,no,,
1121,131,63,5,no,,
1121,1,4,6,no,,
1121,131,44,7,no,,
1121,1,81,8,no,,
1121,117,14,9,no,,
1121,117,18,10,no,,
1121,15,24,11,no,,
1121,210,20,12,no,,
1121,215,3,13,no,,
1121,215,22,14,no,,
1121,3,23,15,no,,
1121,210,27,16,no,,
1121,214,31,17,no,,
1121,214,10,18,no,,
1121,15,77,19,no,,
1121,3,2,20,no,,
1122,9,1,1,no,,
1122,9,11,2,no,,
1122,6,16,3,no,,
1122,1,81,4,no,,
1122,117,14,5,no,,
1122,131,63,6,no,,
1122,6,38,7,no,,
1122,1,4,8,no,,
1122,131,44,9,no,,
1122,210,27,10,no,,
1122,3,23,11,no,,
1122,210,20,12,no,,
1122,214,31,13,no,,
1122,3,2,14,no,,
1122,215,22,15,no,,
1122,215,3,16,no,,
1122,15,77,17,no,,
1122,15,24,18,no,,
1122,117,18,R,no,,
1122,214,10,R,no,,
1123,6,55,1,no,,
1123,6,16,2,no,,
1123,1,4,3,no,,
1123,1,81,4,no,,
1123,9,11,5,no,,
1123,117,18,6,no,,
1123,215,22,7,no,,
1123,117,14,8,no,,
1123,210,27,9,no,,
1123,210,20,10,no,,
1123,3,23,11,no,,
1123,215,3,12,no,,
1123,214,10,13,no,,
1123,15,77,14,no,,
1123,15,24,15,no,,
1123,214,31,16,no,,
1123,131,63,17,no,,
1123,131,44,R,no,,
1123,9,1,R,no,,
1124,9,1,1,no,,
1124,9,11,2,no,,
1124,6,55,3,no,,
1124,6,16,4,no,,
1124,1,4,5,no,,
1124,117,14,6,no,,
1124,131,63,7,no,,
1124,1,81,8,no,,
1124,131,44,9,no,,
1124,215,22,10,no,,
1124,210,27,11,no,,
1124,117,18,12,no,,
1124,210,20,13,no,,
1124,15,77,14,no,,
1124,214,31,15,no,,
1124,214,10,16,no,,
1124,3,2,17,no,,
1124,15,24,R,no,,
1124,215,3,R,no,,
1124,3,23,R,no,,
1125,9,1,1,no,,
1125,1,4,2,no,,
1125,9,11,3,no,,
1125,6,16,4,no,,
1125,6,55,5,no,,
1125,131,63,6,no,,
1125,117,14,7,no,,
1125,1,81,8,no,,
1125,131,44,9,no,,
1125,210,27,10,no,,
1125,214,31,11,no,,
1125,3,23,12,no,,
1125,214,10,13,no,,
1125,15,24,14,no,,
1125,117,18,15,no,,
1125,210,20,16,no,,
1125,3,2,17,no,,
1125,215,3,R,no,,
1125,215,22,R,no,,
1125,15,77,R,no,,
1126,1,4,1,no,,
1126,9,1,2,no,,
1126,6,16,3,no,,
1126,9,11,4,no,,
1126,6,55,5,no,,
1126,131,44,6,no,,
1126,215,22,7,no,,
1126,131,63,8,no,,
1126,117,14,9,no,,
1126,214,31,10,no,,
1126,210,27,11,no,,
1126,214,10,12,no,,
1126,1,81,13,no,,
1126,15,24,14,no,,
1126,215,3,15,no,,
1126,15,77,16,no,,
1126,117,18,17,no,,
1126,3,23,18,no,,
1126,210,20,19,no,,
1126,3,2,R,no,,
1127,9,1,1,no,,
1127,1,4,2,no,,
1127,6,16,3,no,,
1127,1,81,4,no,,
1127,6,55,5,no,,
1127,131,44,6,no,,
1127,131,63,7,no,,
1127,9,11,8,no,,
1127,117,18,9,no,,
1127,215,22,10,no,,
1127,210,27,11,no,,
1127,210,20,12,no,,
1127,215,3,13,no,,
1127,214,31,14,no,,
1127,15,24,15,no,,
1127,214,10,16,no,,
1127,3,2,17,no,,
1127,15,77,18,no,,
1127,117,14,19,no,,
1127,3,23,R,no,,
1128,6,16,1,no,,
1128,1,81,2,no,,
1128,6,55,3,no,,
1128,1,4,4,no,,
1128,131,63,5,no,,
1128,9,1,6,no,,
1128,131,44,7,no,,
1128,215,22,8,no,,
1128,3,23,9,no,,
1128,214,10,10,no,,
1128,117,14,11,no,,
1128,215,3,12,no,,
1128,15,77,13,no,,
1128,117,18,14,no,,
1128,3,2,15,no,,
1128,15,24,16,no,,
1128,214,31,R,no,,
1128,9,11,R,no,,
1128,210,27,R,no,,
1128,210,20,R,no,,
1129,9,1,1,yes,,
1129,1,4,2,yes,,
1129,131,63,3,yes,,
1129,131,44,4,yes,,
1129,1,81,5,yes,,
1129,117,14,6,yes,,
1129,117,18,7,yes,,
1129,215,3,8,yes,,
1129,214,10,9,yes,,
1129,214,31,10,yes,,
1129,210,27,11,yes,,
1129,210,20,12,yes,,
1129,15,77,13,yes,,
1129,215,22,14,yes,,
1129,15,24,15,yes,,
1129,6,55,R,yes,,
1129,3,23,R,yes,,
1129,9,11,R,yes,,
1129,6,16,R,yes,,
1129,3,2,R,yes,,
1130,9,1,1,no,,
1130,1,4,2,no,,
1130,131,44,3,no,,
1130,131,63,4,no,,
1130,6,16,5,no,,
1130,6,55,6,no,,
1130,1,81,7,no,,
1130,9,11,8,no,,
1130,214,10,9,no,,
1130,214,31,10,no,,
1130,210,27,11,no,,
1130,117,14,12,no,,
1130,15,24,13,no,,
1130,117,18,14,no,,
1130,215,3,15,no,,
1130,15,77,16,no,,
1130,210,20,17,no,,
1130,3,23,18,no,,
1130,215,22,19,no,,
1130,3,2,20,no,,
1131,131,63,1,no,,
1131,1,81,2,no,,
1131,6,55,3,no,,
1131,131,44,4,no,,
1131,9,1,5,no,,
1131,210,27,6,no,,
1131,9,11,7,no,,
1131,210,20,8,no,,
1131,215,3,9,no,,
1131,214,10,10,no,,
1131,6,16,11,no,,
1131,214,31,12,no,,
1131,117,18,13,no,,
1131,215,22,14,no,,
1131,3,23,15,no,,
1131,15,77,16,no,,
1131,15,24,17,no,,
1131,117,14,18,no,,
1131,3,2,19,no,,
1131,1,4,20,no,,
1132,131,44,1,no,,
1132,9,1,2,no,,
1132,1,4,3,no,,
1132,1,81,4,no,,
1132,6,55,5,no,,
1132,210,27,6,no,,
1132,117,18,7,no,,
1132,117,14,8,no,,
1132,3,23,9,no,,
1132,215,22,10,no,,
1132,3,2,11,no,,
1132,210,20,12,no,,
1132,215,3,13,no,,
1132,6,16,14,no,,
1132,15,77,15,no,,
1132,214,31,16,no,,
1132,9,11,17,no,,
1132,15,24,18,no,,
1132,131,63,R,no,,
1132,214,10,W,no,,
1134,NA,1,1,yes,,
1134,NA,31,2,yes,,
1134,NA,10,3,yes,,
1134,NA,63,4,yes,,
1134,NA,16,5,yes,,
1134,NA,4,6,yes,,
1134,NA,22,7,yes,,
1134,NA,81,8,yes,,
1134,NA,30,9,yes,,
1134,NA,44,10,yes,,
1134,NA,11,11,yes,,
1134,NA,50,12,yes,,
1134,NA,77,13,yes,,
1134,NA,14,14,yes,,
1134,NA,24,15,yes,,
1134,NA,55,R,yes,,
1134,NA,43,R,yes,,
1134,NA,23,R,yes,,
1134,NA,18,R,yes,,
1134,NA,26,R,yes,,
,,,,,,
,,,,,,
,,,,,,
,,,,,,
,,,,,,
,,,,,,
,,,,,,
,,,,,,
,,,,,,
,,,,,,
,,,,,,
,,,,,,
,,,,,,
,,,,,,
,,,,,,
,,,,,,
